Symbol,Side,Type,Qty,Price,Fill Price,Status,Commission,Placing Time,Closing Time,Order id
BYBIT:BTCUSDT,Sell,Take Profit,99.9996,51827.5,51827.99,Filled,5.1310,2024-02-22 09:59:55,2024-02-22 10:00:00,1186457671
BITSTAMP:BTCUSD,Sell,Market,7000,50936,50936,Filled,356.5520,2024-02-23 18:43:35,2024-02-23 18:43:35,1189187212
BITSTAMP:BTCUSD,Buy,Take Profit,7000,50931,50931,Filled,356.5170,2024-02-23 18:43:35,2024-02-23 18:45:31,1189187213
BYBIT:BTCUSDC,Sell,Market,100,51051.25,51051.25,Filled,5.0646,2024-02-23 18:50:57,2024-02-23 18:50:57,1189202332
BYBIT:BTCUSDC,Buy,Take Profit,100,51051.21,51050.93,Filled,5.0646,2024-02-23 18:50:57,2024-02-23 18:51:05,1189202333
AMEX:GBTC,Sell,Market,100,45.63,45.63,Filled,0.0046,2024-02-23 18:51:53,2024-02-23 18:51:53,1189204592
AMEX:GBTC,Buy,Take Profit,100,45.61,45.61,Filled,0.0046,2024-02-23 18:51:53,2024-02-23 18:52:58,1189204593
CRYPTO:BTCUSD,Sell,Market,100,51008.47,51008.47,Filled,5.1008,2024-02-23 18:55:58,2024-02-23 18:55:58,1189213250
CRYPTO:BTCUSD,Buy,Take Profit,100,51006.35,51006.23,Filled,5.1006,2024-02-23 18:55:58,2024-02-23 18:56:01,1189213251
BITSTAMP:BTCUSD,Sell,Market,7000,51443,51443,Filled,360.1010,2024-02-26 09:12:14,2024-02-26 09:12:14,1191458649
BITSTAMP:BTCUSD,Buy,Take Profit,7000,51438,51438,Filled,360.0660,2024-02-26 09:12:14,2024-02-26 09:16:01,1191458650
BYBIT:BTCUSDT,Buy,Market,99.9996,54566.31,54566.31,Filled,5.4020,2024-02-26 23:32:33,2024-02-26 23:32:33,1192993202
BYBIT:BTCUSDT,Sell,Take Profit,99.9996,54567.81,54571.99,Filled,5.4026,2024-02-26 23:32:33,2024-02-26 23:32:39,1192993203
BITSTAMP:BTCUSD,Buy,Market,7000,54628,54628,Filled,382.3960,2024-02-26 23:33:21,2024-02-26 23:33:21,1192993656
BITSTAMP:BTCUSD,Sell,Market,7000,54623,54623,Filled,382.3610,2024-02-26 23:34:31,2024-02-26 23:34:31,1192994286
BITSTAMP:BTCUSD,Sell,Take Profit,7000,54645,,Cancelled,,2024-02-26 23:33:21,2024-02-26 23:34:31,1192993657
BITSTAMP:BTCUSD,Buy,Market,7000,54621,54621,Filled,382.3470,2024-02-26 23:34:59,2024-02-26 23:34:59,1192994543
BITSTAMP:BTCUSD,Sell,Market,7000,54633,54633,Filled,382.4310,2024-02-26 23:35:47,2024-02-26 23:35:47,1192994977
BITSTAMP:BTCUSD,Sell,Take Profit,7000,54638,,Cancelled,,2024-02-26 23:34:59,2024-02-26 23:35:47,1192994544
OANDA:BTCUSD,Buy,Market,7000,54676.6,54676.6,Filled,382.7362,2024-02-26 23:36:21,2024-02-26 23:36:21,1192995334
OANDA:BTCUSD,Sell,Take Profit,7000,54675.1,54675.8,Filled,382.7306,2024-02-26 23:36:21,2024-02-26 23:37:12,1192995335
BITSTAMP:BTCUSD,Buy,Market,7000,56281,56281,Filled,393.9670,2024-02-27 10:09:40,2024-02-27 10:09:40,1193537928
BITSTAMP:BTCUSD,Sell,Take Profit,7000,56291,56291,Filled,394.0370,2024-02-27 10:09:40,2024-02-27 10:10:14,1193537930
BYBIT:KASUSDT,Buy,Market,100000,0.17336,0.17336,Filled,0.0172,2024-02-27 10:11:22,2024-02-27 10:11:22,1193540587
BYBIT:KASUSDT,Sell,Market,100000,0.17381,0.17381,Filled,0.0172,2024-02-27 10:14:01,2024-02-27 10:14:01,1193545301
BYBIT:KASUSDT,Sell,Take Profit,100000,0.17397,,Cancelled,,2024-02-27 10:11:22,2024-02-27 10:14:01,1193540588
BITSTAMP:BTCUSD,Buy,Market,7000,57001,57001,Filled,399.0070,2024-02-27 18:34:47,2024-02-27 18:34:47,1194545586
BITSTAMP:BTCUSD,Sell,Take Profit,7000,57015,57015,Filled,399.1050,2024-02-27 18:34:47,2024-02-27 18:36:18,1194545587
BITSTAMP:BTCUSD,Buy,Market,7000,59347,59347,Filled,415.4290,2024-02-28 13:18:42,2024-02-28 13:18:42,1195794892
BITSTAMP:BTCUSD,Sell,Take Profit,7000,59358,59362,Filled,415.5340,2024-02-28 13:18:42,2024-02-28 13:18:51,1195794893
BYBIT:KASUSDT,Buy,Market,100000,0.18,0.18,Filled,0.0178,2024-02-28 13:19:14,2024-02-28 13:19:14,1195795530
BYBIT:KASUSDT,Sell,Take Profit,100000,0.18075,0.18076,Filled,0.0179,2024-02-28 13:19:14,2024-02-28 13:30:16,1195795531
BITSTAMP:BTCUSD,Buy,Market,7000,59372,59372,Filled,415.6040,2024-02-28 13:32:08,2024-02-28 13:32:08,1195812052
BITSTAMP:BTCUSD,Sell,Take Profit,7000,59383,59384,Filled,415.6880,2024-02-28 13:32:08,2024-02-28 13:32:17,1195812053
BITSTAMP:BTCUSD,Buy,Market,7000,59971,59971,Filled,419.7970,2024-02-28 20:21:50,2024-02-28 20:21:50,1196904265
BITSTAMP:BTCUSD,Sell,Take Profit,7000,59982,59988,Filled,419.9160,2024-02-28 20:21:50,2024-02-28 20:27:55,1196904266
BITSTAMP:BTCUSD,Buy,Market,7000,62660,62660,Filled,438.6200,2024-02-29 15:31:42,2024-02-29 15:31:42,1198222155
BITSTAMP:BTCUSD,Sell,Take Profit,7000,62624,62624,Filled,438.3680,2024-02-29 15:31:42,2024-02-29 15:31:42,1198222156
BITSTAMP:BTCUSD,Buy,Market,7000,62616,62616,Filled,438.3120,2024-02-29 15:32:15,2024-02-29 15:32:15,1198224199
BITSTAMP:BTCUSD,Sell,Take Profit,7000,62594,62599,Filled,438.1930,2024-02-29 15:32:15,2024-02-29 15:32:24,1198224200
BITSTAMP:BTCUSD,Buy,Market,7000,62624,62624,Filled,438.3680,2024-02-29 15:32:51,2024-02-29 15:32:51,1198225985
BITSTAMP:BTCUSD,Sell,Take Profit,7000,62651,62655,Filled,438.5850,2024-02-29 15:32:51,2024-02-29 15:35:16,1198225986
BITSTAMP:BTCUSD,Buy,Market,7000,62758,62758,Filled,439.3060,2024-02-29 15:39:15,2024-02-29 15:39:16,1198243701
BITSTAMP:BTCUSD,Sell,Take Profit,7000,62778,62785,Filled,439.4950,2024-02-29 15:39:15,2024-02-29 15:39:33,1198243702
BITSTAMP:BTCUSD,Buy,Market,7000,62797,62797,Filled,439.5790,2024-02-29 15:39:53,2024-02-29 15:39:53,1198245098
BITSTAMP:BTCUSD,Sell,Take Profit,7000,62815,62822,Filled,439.7540,2024-02-29 15:39:53,2024-02-29 15:40:04,1198245099
BITSTAMP:BTCUSD,Buy,Market,7000,62790,62790,Filled,439.5300,2024-02-29 15:46:42,2024-02-29 15:46:42,1198261939
BITSTAMP:BTCUSD,Sell,Take Profit,7000,62784,62785,Filled,439.4950,2024-02-29 15:46:42,2024-02-29 15:46:49,1198261940
BITSTAMP:BTCUSD,Buy,Market,7000,60903,60903,Filled,426.3210,2024-03-01 05:40:10,2024-03-01 05:40:10,1199520676
BITSTAMP:BTCUSD,Sell,Take Profit,7000,60913,60913,Filled,426.3910,2024-03-01 05:40:10,2024-03-01 05:40:24,1199520677
BITSTAMP:BTCUSD,Buy,Market,7000,60933,60933,Filled,426.5310,2024-03-01 05:40:51,2024-03-01 05:40:51,1199521203
BITSTAMP:BTCUSD,Sell,Take Profit,7000,60943,60946,Filled,426.6220,2024-03-01 05:40:51,2024-03-01 05:41:20,1199521204
BITSTAMP:BTCUSD,Buy,Market,7000,61333,61333,Filled,429.3310,2024-03-01 07:57:27,2024-03-01 07:57:27,1199639827
BITSTAMP:BTCUSD,Sell,Take Profit,7000,61359,61359,Filled,429.5130,2024-03-01 07:57:27,2024-03-01 08:06:30,1199639828
BITSTAMP:BTCUSD,Sell,Market,7000,62027,62027,Filled,434.1890,2024-03-03 01:34:32,2024-03-03 01:34:32,1202638320
BITSTAMP:BTCUSD,Buy,Take Profit,7000,62017,62017,Filled,434.1190,2024-03-03 01:34:32,2024-03-03 01:35:21,1202638321
BITSTAMP:BTCUSD,Buy,Market,7000,63419,63419,Filled,443.9330,2024-03-04 03:07:30,2024-03-04 03:07:30,1203738615
BITSTAMP:BTCUSD,Sell,Take Profit,7000,63463,63463,Filled,444.2410,2024-03-04 03:07:30,2024-03-04 03:12:17,1203738616
BITSTAMP:BTCUSD,Buy,Market,7000,63545,63545,Filled,444.8150,2024-03-04 09:09:37,2024-03-04 09:09:37,1204110838
BITSTAMP:BTCUSD,Sell,Take Profit,7000,63557,63557,Filled,444.8990,2024-03-04 09:09:37,2024-03-04 09:10:36,1204110839
BITSTAMP:BTCUSD,Buy,Market,7000,65156,65156,Filled,456.0920,2024-03-04 14:04:37,2024-03-04 14:04:37,1204588285
BITSTAMP:BTCUSD,Sell,Take Profit,7000,65166,65167,Filled,456.1690,2024-03-04 14:04:37,2024-03-04 14:55:53,1204588286
OANDA:BTCUSD,Buy,Market,7000,68465.5,68465.5,Filled,479.2585,2024-03-05 01:10:51,2024-03-05 01:10:51,1206053300
OANDA:BTCUSD,Sell,Take Profit,7000,68452.7,68453.1,Filled,479.1717,2024-03-05 01:10:51,2024-03-05 01:11:39,1206053301
BITSTAMP:BTCUSD,Buy,Market,7000,68472,68472,Filled,479.3040,2024-03-05 01:12:39,2024-03-05 01:12:39,1206055405
BITSTAMP:BTCUSD,Sell,Take Profit,7000,68481,68481,Filled,479.3670,2024-03-05 01:12:39,2024-03-05 01:12:42,1206055406
BITSTAMP:BTCUSD,Buy,Market,7000,68506,68506,Filled,479.5420,2024-03-05 01:12:56,2024-03-05 01:12:56,1206055649
BITSTAMP:BTCUSD,Sell,Take Profit,7000,68522,68527,Filled,479.6890,2024-03-05 01:12:56,2024-03-05 01:13:04,1206055650
BITSTAMP:BTCUSD,Buy,Market,7000,68429,68429,Filled,479.0030,2024-03-05 01:16:11,2024-03-05 01:16:11,1206059131
BITSTAMP:BTCUSD,Sell,Take Profit,7000,68442,68447,Filled,479.1290,2024-03-05 01:16:11,2024-03-05 01:16:21,1206059132
BYBIT:BTCUSDT,Buy,Market,99.9996,68272,68272,Filled,6.7589,2024-03-05 01:17:03,2024-03-05 01:17:03,1206059886
BYBIT:BTCUSDT,Sell,Take Profit,99.9996,68257.5,68267.99,Filled,6.7585,2024-03-05 01:17:03,2024-03-05 01:17:04,1206059887
BYBIT:BTCUSDT,Buy,Market,99.9996,68246.36,68246.36,Filled,6.7564,2024-03-05 01:17:27,2024-03-05 01:17:27,1206060219
BYBIT:BTCUSDT,Sell,Take Profit,99.9996,68241.01,68246.35,Filled,6.7564,2024-03-05 01:17:27,2024-03-05 01:17:28,1206060220
BYBIT:BTCUSDT,Buy,Market,99.9996,68307.19,68307.19,Filled,6.7624,2024-03-05 01:17:47,2024-03-05 01:17:48,1206060496
BYBIT:BTCUSDT,Sell,Take Profit,99.9996,68305.01,68307.18,Filled,6.7624,2024-03-05 01:17:47,2024-03-05 01:17:48,1206060497
BYBIT:BTCUSDT,Buy,Market,99.9996,68318.25,68318.25,Filled,6.7635,2024-03-05 01:18:09,2024-03-05 01:18:09,1206060798
BYBIT:BTCUSDT,Sell,Take Profit,99.9996,68341.66,68344.23,Filled,6.7661,2024-03-05 01:18:09,2024-03-05 01:18:12,1206060799
BYBIT:BTCUSDT,Buy,Market,99.9996,68384.45,68384.45,Filled,6.7700,2024-03-05 01:18:35,2024-03-05 01:18:35,1206061213
BYBIT:KASUSDT,Sell,Market,500000,0.16159,0.16159,Filled,0.0800,2024-03-05 01:23:44,2024-03-05 01:23:44,1206065798
BYBIT:KASUSDT,Buy,Take Profit,500000,0.16084,0.1608,Filled,0.0796,2024-03-05 01:23:44,2024-03-05 01:35:40,1206065799
BYBIT:KASUSDT,Sell,Market,500000,0.16134,0.16134,Filled,0.0799,2024-03-05 01:42:09,2024-03-05 01:42:09,1206082291
BYBIT:KASUSDT,Buy,Take Profit,500000,0.16059,0.16055,Filled,0.0795,2024-03-05 01:42:09,2024-03-05 02:16:57,1206082292
BYBIT:BTCUSDT,Sell,Take Profit,99.9996,68398,68401.3,Filled,6.7717,2024-03-05 01:18:35,2024-03-05 02:20:55,1206061214
BYBIT:KASUSDT,Sell,Market,500000,0.15931,0.15931,Filled,0.0789,2024-03-05 02:32:15,2024-03-05 02:32:15,1206120345
BYBIT:KASUSDT,Buy,Take Profit,500000,0.15856,0.15852,Filled,0.0785,2024-03-05 02:32:15,2024-03-05 03:03:38,1206120346
BYBIT:KASUSDT,Sell,Market,500000,0.15706,0.15706,Filled,0.0777,2024-03-05 04:22:38,2024-03-05 04:22:38,1206210293
BITSTAMP:BTCUSD,Buy,Market,7000,68421,68421,Filled,478.9470,2024-03-05 04:25:02,2024-03-05 04:25:02,1206212329
BITSTAMP:BTCUSD,Sell,Take Profit,7000,68424,68431,Filled,479.0170,2024-03-05 04:25:02,2024-03-05 04:27:53,1206212330
BYBIT:KASUSDT,Buy,Take Profit,500000,0.15631,0.15628,Filled,0.0774,2024-03-05 04:22:38,2024-03-05 04:40:43,1206210294
BITSTAMP:BTCUSD,Buy,Market,7000,66737,66737,Filled,467.1590,2024-03-05 13:54:44,2024-03-05 13:54:44,1206911795
BITSTAMP:BTCUSD,Sell,Take Profit,7000,66746,66746,Filled,467.2220,2024-03-05 13:54:44,2024-03-05 13:55:16,1206911796
BYBIT:KASUSDT,Sell,Market,100000,0.1602,0.1602,Filled,0.0159,2024-03-05 18:29:34,2024-03-05 18:29:34,1207715000
BYBIT:KASUSDT,Buy,Take Profit,100000,0.15944,0.15944,Filled,0.0158,2024-03-05 18:29:34,2024-03-05 18:49:17,1207715001
BITSTAMP:BTCUSD,Buy,Market,7000,65458,65458,Filled,458.2060,2024-03-06 07:21:51,2024-03-06 07:21:52,1208806941
BITSTAMP:BTCUSD,Sell,Take Profit,7000,65468,65491,Filled,458.4370,2024-03-06 07:21:51,2024-03-06 07:22:00,1208806942
BYBIT:BTCUSDT,Buy,Market,100,65770.55,65770.55,Filled,6.5113,2024-03-06 08:50:16,2024-03-06 08:50:16,1208911182
BYBIT:BTCUSDT,Sell,Take Profit,100,65787.01,65787.39,Filled,6.5130,2024-03-06 08:50:16,2024-03-06 08:50:19,1208911183
BITSTAMP:BTCUSD,Buy,Market,7000,66274,66274,Filled,463.9180,2024-03-07 02:59:31,2024-03-07 02:59:31,1210848855
BITSTAMP:BTCUSD,Sell,Take Profit,7000,66286,66287,Filled,464.0090,2024-03-07 02:59:31,2024-03-07 03:58:35,1210848856